beardofedu,1,1.0
ppremk,2,3,0.6666666666666666
hectorsector,97,98,0.02040816326530612
