bfmatei,1,1.0
adamdbradley,154,155,0.012903225806451613
manucorporat,312,313,0.006389776357827476
