ajoslin,1,1.0
perrygovier,1,1.0
adamdbradley,130,6,4,4,4,68,261,481,0.02286902286902287
drewrygh,14,27,42,0.07142857142857142
kgindervogel,76,75,152,0.019736842105263157
