Dahlgren,1,1.0
HeEAaD,1,1.0
AdelMEZARA,1,1.0
kastiglione,93,39,133,0.022556390977443608
absolute-heike,1,1.0
phchan9,1,1.0
minaeng,1,1.0
youngdfb,10,3,14,0.21428571428571427
