jbaginski,1,1.0
tdrhq,19,125,27,25,249,198,3,6,66,241,964,0.015560165975103735
zhangzfGarena,1,1.0
scottkennedy,875,876,0.00228310502283105
kylannjohnson,4,10,24,3,44,0.1590909090909091
BenjiLee,1,1.0
xiphirx,2,3,2,68,5,2,4,2,5,8,6,13,10,21,7,4,27,7,3,10,20,2,2,35,6,20,18,7,8,41,13,2,56,8,61,25,2,78,57,13,694,0.07348703170028818
marcinkunert,4,5,0.4
doodla,47,49,0.061224489795918366
vicfran,1,1.0
vanniktech,1,1.0
dimorinny,15,16,0.125
josedlpozo,45,197,243,0.012345679012345678
ttsugriy,95,48,6,53,6,66,94,46,416,0.02403846153846154
IanChilds,1,1.0
joecheatham,1,1.0
dsyang,2,1.0
passy,1,1.0
jrodbx,171,172,0.011627906976744186
yiding,1,1.0
zaren678,1,1.0
scottrice,135,14,150,0.02
ibartj,1,1.0
aahlenst,4,3,9,0.4444444444444444
blavalla,158,6,4,4,174,0.034482758620689655
alonsch,1,1.0
sourabh-nanoti,1,1.0
dinhviethoa,1,1.0
lwasyl,16,17,0.11764705882352941
rratmansky,1,1.0
Daniel9z,4,1.0
brosenfeld,1,1.0
tiagoengel,1,1.0
