to;Active;Sleeping;Hibernated;Dead
Dead;16.095422291095232;11.194794845227166;-;72.7097828636776
Hibernated;46.84652321393198;28.30683198295718;12.403280528984073;12.44336427412676
Sleeping;84.47063471873074;4.131675460890816;11.397689820378439;-
Active;89.42680228131138;8.537519552652327;2.0356781660362895;-
