to;Active;Sleeping;Hibernated;Dead
Dead;19.26420701185345;13.759645944499606;-;66.97614704364693
Hibernated;45.39851363077178;26.48421517076037;10.645226664586138;17.472044533881704
Sleeping;84.47063471873072;4.131675460890849;11.397689820378435;-
Active;89.33931840302954;8.53751955265233;2.1231620443181405;-
