Average;St.Dev.;Variance;Median;Breaks/Life Correlation
6.947416292248096;19.366971025386743;375.07956669816963;0.0;0.07688751261358946
