wacii,1,1.0
southgate,5,3,5,98,112,0.044642857142857144
mockra,5,6,0.3333333333333333
