themsaid,2,4,0.75
driesvints,17,55,11,27,25,4,7,149,0.06711409395973154
TBlindaruk,1,1.0
taylorotwell,28,29,0.06896551724137931
crynobone,1,1.0
