project;mean;st_dev;var;median;breaks_devlife_corr
rails;14.718452190704038;25.80888687699053;666.098641829294;3.3383150385637945;-0.3146887250033901
laravel;16.349115686537985;29.016454374285292;841.9546244549801;3.842105263157895;-0.35738763172707627
elixir-lang;13.776050738160398;22.47305548666531;505.0382229067378;3.6684343434343436;-0.29169778681043296
github;25.569185677247262;35.35762563375452;1250.1616904567352;8.902439024390244;-0.3644037021765214
atom;31.071867093953273;34.463908835238534;1187.7610122036326;17.967651195499297;-0.24527823430973836
flutter;23.93524662037229;24.189415399574525;585.1278173731731;15.118343195266272;-0.07724641457879813
ionic-team;19.55256804447901;21.506546566359802;462.53154521100254;10.735294117647058;-0.11771831888878154
JabRef;31.651000187345193;30.44890110307186;927.1355783846509;22.742853979151178;-0.25895221660598955
