project;t_stat;p_value (t);u_stat;p_value (u)
rails;3.822791033792635;0.00017821478912828135;3285.0;0.0002587703430541589
laravel;0.825697888184465;0.41412948428386986;169.0;0.36149367726275505
elixir-lang;-0.441257863267998;0.661904041019223;144.0;0.46645690669486994
github;-0.0008502049471363038;0.9993345430044321;24.0;0.4755851346484678
atom;-0.08511692068459999;0.932522475967144;297.0;0.40011552055821403
flutter;-2.086383677395864;0.040997660922970316;383.0;0.17228098211342296
ionic-team;-0.4290807956704063;0.6720370147966314;68.5;0.4424056265145
JabRef;-0.8749826505998618;0.3925101125863514;42.0;0.2068872412864749
