themsaid,2,5,0.8
driesvints,3,14,55,11,20,7,25,4,7,149,0.08053691275167785
TBlindaruk,1,1.0
taylorotwell,4,25,124,35,189,0.026455026455026454
crynobone,1,1.0
fideloper,1,1.0
robclancy,1,1.0
