smashwilson,1,1.0
kuychaco,1,1.0
jasonrudolph,1,1.0
shana,18,19,0.10526315789473684
rafeca,65,4,2,75,0.09333333333333334
