defunkt,1,1.0
technoweenie,12,240,50,2,307,0.02280130293159609
atmos,1,1.0
nathany,1,1.0
tmm1,3,45,208,257,0.01556420233463035
mislav,1,1.0
