abarth,1,1.0
tvolkert,1,1.0
xqwzts,4,2,2,32,32,2,75,0.09333333333333334
mit-mit,3,42,3,12,47,125,57,292,0.03424657534246575
KevinTheGray,30,141,3,175,0.022857142857142857
jsoref,1,1.0
fkorotkov,3,26,18,48,0.08333333333333333
Hixie,71,140,68,280,0.014285714285714285
cbracken,1,1.0
westy92,34,35,0.05714285714285714
bcko,2,3,0.6666666666666666
zanderso,1,1.0
trieutritam,21,22,0.09090909090909091
AndrewBastin,1,1.0
DavBfr,16,17,0.11764705882352941
rohanchandra,203,2,206,0.014563106796116505
keertip,1,1.0
kf6gpe,1,1.0
GaryQian,1,1.0
