technicalpickles,6,5,2,4,21,40,0.175
sstarr,1,1.0
mjsz,7,7,20,38,0.18421052631578946
bojanrajkovic,1,1.0
jeffreywescott,1,1.0
eriklindebratt,1,1.0
etothemanders,1,1.0
bhuga,2,4,122,130,0.038461538461538464
mtchurch,1,1.0
mistydemeo,330,7,5,96,392,3,20,16,17,4,211,1107,0.015356820234869015
l12s,1,1.0
a0viedo,1,1.0
gtr32x,3,4,0.5
mdelagrange,2,1.0
mbland,16,18,0.16666666666666666
ndaversa,109,110,0.01818181818181818
geekdave,1,1.0
The-smooth-operator,1,1.0
ysakasin,2,4,0.75
aoberoi,5,3,17,18,2,42,124,19,3,8,40,4,58,2,39,2,2,58,18,4,2,7,8,45,8,6,7,16,9,30,19,95,13,68,34,852,0.06103286384976526
shadiakiki1986,285,286,0.006993006993006993
marekventur,1,1.0
Roach,353,13,367,0.008174386920980926
addykim,1,1.0
chapmanc,73,74,0.02702702702702703
rbroemeling,1,1.0
TonioOoOo,1,1.0
leschekfm,2,3,44,105,3,158,0.0379746835443038
lornajane,1,1.0
shanedewael,2,6,3,3,4,2,5,6,39,3,2,6,21,4,104,58,2,27,6,2,321,0.11214953271028037
patcon,276,277,0.007220216606498195
sinisterstuf,12,5,21,0.2857142857142857
lukehsiao,1,1.0
ind1go,1,1.0
Eibwen,2,1.0
jplindquist,1,1.0
daniel-beard,12,5,18,0.16666666666666666
Trott,1,1.0
