nathansobo,1,1.0
kevinsawicki,2,77,6,265,352,0.017045454545454544
zcbenz,194,195,0.010256410256410256
thedaniel,1,1.0
