Average;St.Dev.;Variance;Median;Breaks/Life Correlation
7.02924244994895;16.856899917675108;284.155074834515;0.0;0.44628885183437156
