facebook-github-bot,1,1.0
eytan,1,1.0
sdsingh,14,17,0.23529411764705882
kkashin,6,3,5,15,12,7,50,0.16
ddimmery,1,1.0
ldworkin,6,5,14,2,4,6,6,2,50,0.26
lena-kashtelyan,5,4,2,33,50,0.2
Balandat,29,30,0.06666666666666667
mwijaya3,1,1.0
amurthy1,7,10,3,7,4,2,7,42,0.21428571428571427
carefree0910,1,1.0
zertosh,1,1.0
chandlerzuo,1,1.0
c-bata,1,1.0
JoelMarcey,20,22,0.13636363636363635
nmasahiro,6,7,0.2857142857142857
tttp,1,1.0
