Average;St.Dev.;Variance;Median;Breaks/Life Correlation
4.515855536818275;13.9416104449439;194.36850179856881;0.0;0.09745825219781788
