mlynch,2,1.0
lathonez,4,5,0.4
butters16,1,1.0
roblouie,1,1.0
leifwells,12,18,14,14,4,6,70,6,5,8,2,171,32,365,0.043835616438356165
danielsogl,14,5,13,2,3,2,2,11,2,6,5,4,2,106,11,7,199,0.10050251256281408
Velik123,5,6,0.3333333333333333
johnstonbl01,3,4,0.5
pwespi,6,7,0.2857142857142857
kensodemann,1,1.0
datencia,2,1.0
lancetw,1,1.0
