Average;St.Dev.;Variance;Median;Breaks/Life Correlation
14.263348792584635;22.228457693725318;494.10433144173624;2.0505617977528092;0.267236154234156
