Average;St.Dev.;Variance;Median;Breaks/Life Correlation
4.8706537784767105;16.973834889213506;288.1110708462817;0.0;0.010351215553559237
