kevinnathan,1,1.0
kevinsawicki,9,4,12,3,2,10,8,29,5,5,29,15,3,2,32,50,4,15,2,43,3,22,27,26,14,6,11,97,2,5,27,114,28,112,12,806,0.06575682382133995
mscdex,1,1.0
zcbenz,3,23,38,3,14,64,110,211,54,7,164,6,2,3,91,39,99,935,0.022459893048128343
PeterDaveHello,1,1.0
omo,1,1.0
Ingramz,19,20,0.1
mmalecki,1,1.0
mnquintana,1,1.0
bpasero,1042,1044,0.0028735632183908046
ceejbot,1,1.0
alexandrudima,2,76,52,210,754,1097,0.007292616226071103
abe33,1,1.0
thomasjo,1,1.0
nathansobo,1,1.0
evanlucas,1,1.0
maxbrunsfeld,211,459,58,730,0.00684931506849315
damieng,4,2,7,0.42857142857142855
elingerojo,9,10,0.2
zeke,1,1.0
wmhilton,1,1.0
BinaryMuse,1,1.0
abetomo,126,111,99,337,0.011869436201780416
Arcanemagus,1,1.0
50Wliu,1,1.0
rafeca,41,42,0.047619047619047616
felixhao28,28,29,0.06896551724137931
