adrianlee44,1,1.0
darky,1,1.0
vojtajina,120,112,233,0.012875536480686695
FredyC,1,1.0
janraasch,145,146,0.0136986301369863
jayharris,1,1.0
adambiggs,59,5,64,68,197,0.025380710659898477
LukasRychtecky,1,1.0
sdornan,1,1.0
kevinsawicki,13,14,0.14285714285714285
PeterDaveHello,1,1.0
