Average;St.Dev.;Variance;Median;Breaks/Life Correlation
6.088071936808343;19.0233123865291;361.8864141554714;0.0;0.05131716513643701
