drewrygh,2,1.0
adamdbradley,1,1.0
jbavari,2,19,23,0.17391304347826086
brandyscarney,35,17,39,9,38,23,9,41,18,11,10,23,2,61,8,62,110,22,48,589,0.03735144312393888
jthoms1,1,1.0
tlancina,8,4,13,36,29,29,5,6,19,4,4,22,132,315,0.05396825396825397
mrajcok,1,1.0
mhartington,2,20,261,30,5,126,8,453,0.017660044150110375
zachgoz,1,1.0
ggardiles,1,1.0
webmaxru,1,1.0
jgw96,8,7,26,14,36,18,189,2,301,0.029900332225913623
ysgk,1,1.0
moberwasserlechner,1,1.0
lolotobg,1,1.0
danielsogl,1,1.0
dwieeb,1,1.0
