Average;St.Dev.;Variance;Median;Breaks/Life Correlation
7.479709299184164;20.478844785117246;419.3830837329238;0.0;0.09936468508255815
