Average;St.Dev.;Variance;Median;Breaks/Life Correlation
16.8168007073017;28.019687472732254;785.1028860695889;0.0;0.11414455767210982
