mcolyer,1,1.0
benogle,2,37,2,14,3,11,6,8,160,34,2,25,48,60,4,2,84,510,0.049019607843137254
kevinsawicki,20,36,6,8,53,23,4,8,29,275,32,497,0.028169014084507043
anaisbetts,1,1.0
nathansobo,4,301,9,2,52,370,0.01891891891891892
joseeight,1,1.0
simurai,6,47,22,3,41,14,137,300,13,71,13,85,363,2,63,197,1380,0.013768115942028985
ultramiraculous,1,1.0
mnquintana,143,144,0.013888888888888888
ssorallen,1,1.0
Alhadis,1,1.0
as-cii,10,11,0.18181818181818182
lee-dohm,4,5,0.4
