jessephus,2,4,0.75
vollmera,72,245,318,0.009433962264150943
hubot,131,2,134,0.022388059701492536
