mhartington,1,1.0
adamdbradley,12,18,136,168,0.02976190476190476
bfmatei,12,18,31,0.0967741935483871
ghaiat,1,1.0
manucorporat,312,313,0.006389776357827476
