rtomayko,1,1.0
tmm1,18,19,0.10526315789473684
charliesome,4,91,96,0.03125
eileencodes,4,8,13,0.23076923076923078
