sahands,1,1.0
hillbrad,4,416,71,492,0.008130081300813009
lepouya,58,59,0.03389830508474576
khp,1,1.0
