to;Active;Sleeping;Hibernated;Dead
Dead;0.0;0.0;-;0
Hibernated;67.98640721808876;26.932745122954593;5.080847658956634;0.0
Sleeping;93.12335399656632;3.7442245859604206;3.1324214174732634;-
Active;86.49491753863697;11.837747268359584;1.6673351930034535;-
