to;Active;Sleeping;Hibernated;Dead
Dead;0.0;0.0;-;100.0
Hibernated;37.47406001538454;25.39714417184802;30.002328484129148;7.126467328638303
Sleeping;92.4699868200067;1.5648232697552111;5.965189910238102;-
Active;90.65550289915274;8.43856944317992;0.9059276576673398;-
