to;Active;Sleeping;Hibernated;Dead
Dead;0.0;0.0;-;100.0
Hibernated;29.971546967403324;30.83653739222913;10.977105311879454;28.214810328488092
Sleeping;98.36066869078121;0.438481668229751;1.200849640989041;-
Active;91.1553087217313;8.76120905034426;0.08348222792444149;-
