to;Active;Sleeping;Hibernated;Dead
Dead;18.181041912341975;10.712537911881656;-;71.10642017577638
Hibernated;52.54675016092579;24.524214285205908;2.9438897521803398;19.985145801687963
Sleeping;75.06349535839311;8.393803192162519;16.542701449444376;-
Active;87.08091685272173;8.376768213538607;4.542314933739662;-
