to;Active;Sleeping;Hibernated;Dead
Dead;25.772724750436826;17.85440850500006;-;56.37286674456311
Hibernated;50.286944810378266;21.14220469905389;2.7241711068436203;25.846679383724226
Sleeping;75.06349535839311;8.393803192162508;16.542701449444376;-
Active;86.86225657843293;8.376768213538607;4.760975208028452;-
