to;Active;Sleeping;Hibernated;Dead
Dead;18.892545570493617;15.404820298360674;-;65.7026341311457
Hibernated;14.178456410609847;37.41685750495378;13.442530059221635;34.96215602521474
Sleeping;82.57539621254988;3.0962650191693974;14.328338768280727;-
Active;89.94569252078142;9.173277668728101;0.8810298104904843;-
