to;Active;Sleeping;Hibernated;Dead
Dead;27.47014115092291;27.47014115092291;-;45.05971769815418
Hibernated;15.35760839090001;40.52863218235701;22.876983295496377;21.23677613124661
Sleeping;82.5753962125499;3.0962650191693752;14.328338768280732;-
Active;90.12526845830239;9.173277668728101;0.7014538729695107;-
