ajtulloch,3,4,0.5
soumith,100,12,113,0.02654867256637168
nicolasvasilache,17,3,3,93,4,10,7,14,4,9,8,10,57,8,100,18,143,24,533,0.03564727954971857
wickedfoo,50,16,24,145,297,235,768,0.009114583333333334
colesbury,156,157,0.012738853503184714
Gownta,1,1.0
igorsugak,1,1.0
meyering,1,1.0
cosinequanon,1,1.0
