gspencergoog,1,1.0
hinoka,3,3,11,18,0.2222222222222222
dnfield,2,11,2,3,2,7,6,17,10,9,10,33,18,142,0.176056338028169
riannucci,1,1.0
cbracken,1,1.0
chinmaygarde,1,1.0
jmagman,1,1.0
