kevinsawicki,2,1.0
benogle,31,3,16,2,63,12,129,0.06201550387596899
hnry,1,1.0
thedaniel,1,1.0
damieng,18,13,32,0.09375
Ingramz,1,1.0
lee-dohm,4,5,0.4
as-cii,1,1.0
50Wliu,54,19,59,42,50,225,0.02666666666666667
jasonrudolph,7,8,0.25
