Average;St.Dev.;Variance;Median;Breaks/Life Correlation
14.854608620163786;27.262212781799597;743.2282457601174;0.0;0.14509935779137711
