facebook-github-bot,1,1.0
jingping2015,2,2,4,3,3,7,2,12,5,2,11,2,61,0.29508196721311475
codytwinton,5,2,8,24,41,0.14634146341463414
adilkhash,1,1.0
