sethladd,1,1.0
Hixie,7,3,4,6,2,2,216,2,490,2,740,0.021621621621621623
gspencergoog,2,38,7,92,171,4,2,15,2,8,5,49,4,3,7,20,148,47,27,655,0.035114503816793895
mit-mit,11,13,0.23076923076923078
xqwzts,1,1.0
dnfield,133,5,83,49,77,350,0.022857142857142857
amirh,1,1.0
xster,3,5,0.6
goderbauer,39,40,0.05
GaryQian,9,152,162,0.018518518518518517
jslavitz,7,8,0.25
dkwingsmt,3,1.0
Piinks,2,2,4,12,28,9,27,90,0.14444444444444443
shihaohong,4,27,9,44,0.1590909090909091
tvolkert,11,4,17,0.23529411764705882
