Average;St.Dev.;Variance;Median;Breaks/Life Correlation
6.740447952666383;19.37992928200133;375.5816589753726;0.0;-0.003682387609346962
