facebook-github-bot,1,1.0
saifhhasan,3,6,2,2,4,2,7,3,2,2,3,7,5,6,4,5,2,2,3,3,23,6,2,5,5,3,5,6,15,2,5,2,5,5,2,3,7,7,4,4,7,2,4,2,8,9,4,2,40,4,2,7,4,5,4,2,3,2,2,5,4,2,4,2,2,12,6,7,2,4,6,3,13,4,2,8,4,9,2,7,5,4,2,2,4,2,8,10,9,2,3,3,3,4,4,2,8,6,4,8,5,15,582,0.2766323024054983
jstrizich,7,3,2,4,10,5,23,40,6,9,8,4,2,12,11,2,2,11,9,31,2,3,7,5,72,101,25,3,2,14,41,29,2,2,2,13,6,6,13,561,0.09090909090909091
meyering,1,1.0
mcallahan,54,55,0.03636363636363636
tamihiro,1,1.0
Orvid,1,1.0
dombiv,62,79,75,217,0.018433179723502304
simpkins,75,6,116,250,55,503,0.011928429423459244
ammubhave,34,5,98,41,17,12,34,83,21,19,13,50,4,14,19,6,6,4,5,14,505,0.05148514851485148
yns88,212,71,285,0.014035087719298246
igkobzar,1,1.0
snarkmaster,1,1.0
sonoble,1,1.0
philipjameson,1,1.0
zhanleewo,1,1.0
yfeldblum,11,43,95,158,6,19,10,69,412,0.021844660194174758
jcard0na,1,1.0
reanimus,56,57,0.03508771929824561
marshallcline,25,26,0.07692307692307693
tejashri29,1,1.0
cooperlees,17,18,0.1111111111111111
ilyacodesFB,113,173,5,8,17,318,0.0220125786163522
a7c,21,22,0.09090909090909091
LeeHowes,33,34,0.058823529411764705
AjanthanAsogamoorthy,2,1.0
wez,38,15,93,54,7,4,6,25,5,2,6,4,3,13,281,0.0711743772241993
nedabz,195,5,14,5,4,9,2,7,245,0.04897959183673469
andrewjcg,1,1.0
chadaustin,147,148,0.013513513513513514
rratmansky,1,1.0
JoeLoser,1,1.0
butjar,10,11,0.18181818181818182
vitaut,10,11,0.18181818181818182
MohamedBassem,1,1.0
udippant,2,3,0.6666666666666666
avalonalex,18,19,0.10526315789473684
fanzeyi,1,1.0
lnicco,19,20,0.1
strager,1,1.0
shri-khare,5,7,0.42857142857142855
